Blockflöte	noun	die	In der Grundschule habe ich Blockflöte gespielt.	At primary school I played the recorder.
Flöte/ Querflöte	noun	die	Meine Schwester spielt seit fünf Jahren Flöte.	My sister has played the flute for five years.
Geige	noun	die	Er übt jeden Abend eine Stunde Geige.	He practises the violin for an hour every evening.
Gitarre	noun	die	Ich habe zum Geburtstag eine Gitarre bekommen.	I got a guitar for my birthday.
Klarinette	noun	die	In der Schulband spielt sie Klarinette.	She plays the clarinet in the school band.
Klavier	noun	das	Zu Hause steht ein altes Klavier.	There is an old piano at home.
Schlagzeug	noun	das	Mein Bruder spielt Schlagzeug in einer Band.	My brother plays the drums in a band.
Trompete	noun	die	Die Trompete ist wirklich sehr laut.	The trumpet is really very loud.
üben	verb		Ich übe jeden Tag eine halbe Stunde Klavier.	I practise the piano for half an hour every day.
Dokumentarfilm	noun	der	Gestern lief ein Dokumentarfilm über Afrika.	Yesterday there was a documentary about Africa.
Komödie	noun	die	Am liebsten sehe ich eine gute Komödie.	I like watching a good comedy best.
Krimi	noun	der	Sonntagabend schauen wir immer einen Krimi.	On Sunday evening we always watch a crime thriller.
Nachrichten	noun	die	Die Nachrichten kommen um acht Uhr.	The news is on at eight o'clock.
Quizsendung	noun	die	Meine Oma sieht gern Quizsendungen.	My grandma likes watching quiz shows.
Seifenoper	noun	die	Diese Seifenoper läuft schon seit zwanzig Jahren.	This soap opera has been running for twenty years.
Sendung	noun	die	Diese Sendung ist bei Jugendlichen sehr beliebt.	This programme is very popular with young people.
Serie	noun	die	Die neue Serie hat sechs Folgen.	The new series has six episodes.
Zeichentrickfilm	noun	der	Kleine Kinder sehen gern Zeichentrickfilme.	Small children like watching cartoons.
anschauen / ansehen	verb		Wir haben uns gestern einen alten Film angeschaut.	Yesterday we watched an old film.
Ball	noun	der	Auf dem Ball haben wir bis Mitternacht getanzt.	At the ball we danced until midnight.
fernsehen	verb		Abends sehe ich höchstens eine Stunde fern.	In the evening I watch TV for an hour at most.
Fernseher	noun	der	Unser Fernseher steht im Wohnzimmer.	Our TV set is in the living room.
hören	verb		Ich höre am liebsten Popmusik.	I like listening to pop music best.
Hörer	noun	der	Bitte nehmen Sie den Hörer ab.	Please pick up the receiver.
Illustrierte	noun	die	Im Wartezimmer lag eine alte Illustrierte.	There was an old magazine in the waiting room.
Konzert	noun	das	Das Konzert war leider ausverkauft.	Unfortunately the concert was sold out.
Kopf(hörer)	noun	der	Im Bus höre ich Musik über Kopfhörer.	On the bus I listen to music through headphones.
Lieblings-	adjective		Mein Lieblingsfilm läuft heute im Fernsehen.	My favourite film is on TV today.
Lied	noun	das	Dieses Lied kenne ich schon aus der Schule.	I know this song from school.
Musik (Pop/Volks/klassische)	noun	die	Klassische Musik höre ich beim Lernen.	I listen to classical music while studying.
Musiker/in (musizieren)	noun	der	Der Musiker spielt seit dreißig Jahren im Orchester.	The musician has played in the orchestra for thirty years.
Oper	noun	die	In der Oper waren wir noch nie.	We have never been to the opera.
Roman	noun	der	Ich lese gerade einen spannenden Roman.	I am reading an exciting novel at the moment.
Sänger/in	noun	der	Der Sänger hat eine tolle Stimme.	The singer has a great voice.
Schauspieler/in	noun	der	Dieser Schauspieler spielt auch im Theater.	This actor also acts in the theatre.
sehen	verb		Ich sehe abends nur selten fern.	In the evening I rarely watch television.
singen	verb		Wir singen jeden Donnerstag im Chor.	We sing in the choir every Thursday.
Stereoanlage	noun	die	Meine Stereoanlage ist ziemlich laut.	My stereo system is quite loud.
Tanz	noun	der	Der erste Tanz war ein Walzer.	The first dance was a waltz.
tanzen	verb		Auf der Party haben wir bis spät getanzt.	At the party we danced until late.
Taschenbuch	noun	das	Im Urlaub lese ich am liebsten ein Taschenbuch.	On holiday I like reading a paperback best.
Theater(stück)	noun	das	Am Freitag gehen wir ins Theater.	On Friday we are going to the theatre.
Tragödie	noun	die	Diese Tragödie ist von Shakespeare.	This tragedy is by Shakespeare.
zeichnen	verb		Meine Freundin zeichnet sehr gut.	My friend draws very well.
zeigen	verb		Kannst du mir bitte deine Fotos zeigen?	Can you show me your photos, please?
Zeit	noun	die	Ich habe im Moment wenig Zeit zum Lesen.	At the moment I have little time for reading.
Zeitschrift	noun	die	Diese Zeitschrift erscheint jeden Monat.	This magazine comes out every month.
Zeitung	noun	die	Mein Vater liest morgens die Zeitung.	My father reads the newspaper in the morning.
Abenteuer	noun	das	Die Reise war für uns ein echtes Abenteuer.	The journey was a real adventure for us.
aufführen	verb		Unsere Klasse führt ein Theaterstück auf.	Our class is performing a play.
Aufführung	noun	die	Die Aufführung beginnt um neunzehn Uhr.	The performance starts at seven p.m.
Bildschirm	noun	der	Der Bildschirm ist zu hell eingestellt.	The screen is set too bright.
blasen	verb		Er blies kräftig in die Trompete.	He blew hard into the trumpet.
Blaskapelle	noun	die	Auf dem Fest spielte eine Blaskapelle.	A brass band played at the festival.
Bühne	noun	die	Die Sängerin stand allein auf der Bühne.	The singer stood alone on the stage.
Fernbedienung	noun	die	Die Fernbedienung liegt unter dem Sofa.	The remote control is under the sofa.
Garderobe	noun	die	Die Mäntel geben wir an der Garderobe ab.	We leave our coats at the cloakroom.
Gerät	noun	das	Dieses Gerät ist einfach zu bedienen.	This piece of equipment is easy to operate.
Geräusch	noun	das	Aus der Küche kam ein seltsames Geräusch.	A strange noise came from the kitchen.
Medien (Massenmedien)	noun	die	Die Medien berichten viel über das Thema.	The media report a lot about the subject.
Moderator	noun	der	Der Moderator stellte interessante Fragen.	The presenter asked interesting questions.
Parkett	noun	das	Wir hatten Plätze im Parkett.	We had seats in the stalls.
passieren	verb		Was ist gestern im Theater passiert?	What happened at the theatre yesterday?
Rang	noun	der	Vom Rang sieht man die Bühne sehr gut.	From the circle you can see the stage very well.
Stimme	noun	die	Sie hat eine wunderschöne Stimme.	She has a beautiful voice.
Stimmung	noun	die	Auf dem Konzert war die Stimmung fantastisch.	At the concert the atmosphere was fantastic.
Tagesschau	noun	die	Um acht Uhr sehen wir die Tagesschau.	At eight o'clock we watch the evening news.
Unterhaltung	noun	die	Für gute Unterhaltung war an dem Abend gesorgt.	Good entertainment was provided that evening.
Untertitel	noun	der	Den Film schaue ich mit Untertiteln.	I watch the film with subtitles.
Vorstellung	noun	die	Die letzte Vorstellung beginnt um zweiundzwanzig Uhr.	The last performance begins at ten p.m.
Werbung	noun	die	Die Werbung im Fernsehen nervt mich.	The advertising on TV annoys me.
Zuschauer	noun	der	Die Zuschauer haben lange geklatscht.	The audience clapped for a long time.
